<?xml version="1.0" encoding="UTF-8"?>
<project-private xmlns="http://www.netbeans.org/ns/project-private/1">
    <editor-bookmarks xmlns="http://www.netbeans.org/ns/editor-bookmarks/2" lastBookmarkId="0"/>
    <open-files xmlns="http://www.netbeans.org/ns/projectui-open-files/2">
        <group>
            <file>file:/C:/Users/ELCOT/Documents/NetBeansProjects/HospitalManagement/src/hospitalmanagement/APUPDATE.java</file>
            <file>file:/C:/Users/ELCOT/Documents/NetBeansProjects/HospitalManagement/src/hospitalmanagement/RECEPLOGIN.java</file>
            <file>file:/C:/Users/ELCOT/Documents/NetBeansProjects/HospitalManagement/src/hospitalmanagement/ADMINSIGNIN.java</file>
            <file>file:/C:/Users/ELCOT/Documents/NetBeansProjects/HospitalManagement/src/hospitalmanagement/ADPAT.java</file>
            <file>file:/C:/Users/ELCOT/Documents/NetBeansProjects/HospitalManagement/src/hospitalmanagement/Home.java</file>
            <file>file:/C:/Users/ELCOT/Documents/NetBeansProjects/HospitalManagement/src/hospitalmanagement/ARDELETE.java</file>
            <file>file:/C:/Users/ELCOT/Documents/NetBeansProjects/HospitalManagement/src/hospitalmanagement/APINSERT.java</file>
            <file>file:/C:/Users/ELCOT/Documents/NetBeansProjects/HospitalManagement/src/hospitalmanagement/APSEARCH.java</file>
            <file>file:/C:/Users/ELCOT/Documents/NetBeansProjects/HospitalManagement/src/hospitalmanagement/CONNECTION.java</file>
            <file>file:/C:/Users/ELCOT/Documents/NetBeansProjects/HospitalManagement/src/hospitalmanagement/ADINSERT.java</file>
            <file>file:/C:/Users/ELCOT/Documents/NetBeansProjects/HospitalManagement/src/hospitalmanagement/ADUPDATE.java</file>
            <file>file:/C:/Users/ELCOT/Documents/NetBeansProjects/HospitalManagement/src/hospitalmanagement/ADDOCTOR.java</file>
            <file>file:/C:/Users/ELCOT/Documents/NetBeansProjects/HospitalManagement/src/hospitalmanagement/ADMINLOGIN.java</file>
            <file>file:/C:/Users/ELCOT/Documents/NetBeansProjects/HospitalManagement/src/hospitalmanagement/ARINSERT.java</file>
            <file>file:/C:/Users/ELCOT/Documents/NetBeansProjects/HospitalManagement/src/hospitalmanagement/ADRECEP.java</file>
            <file>file:/C:/Users/ELCOT/Documents/NetBeansProjects/HospitalManagement/src/hospitalmanagement/ADSEARCH.java</file>
            <file>file:/C:/Users/ELCOT/Documents/NetBeansProjects/HospitalManagement/src/hospitalmanagement/APDISPLAY.java</file>
            <file>file:/C:/Users/ELCOT/Documents/NetBeansProjects/HospitalManagement/src/hospitalmanagement/DOCTORLOGIN.java</file>
            <file>file:/C:/Users/ELCOT/Documents/NetBeansProjects/HospitalManagement/src/hospitalmanagement/SPLASH.java</file>
            <file>file:/C:/Users/ELCOT/Documents/NetBeansProjects/HospitalManagement/src/hospitalmanagement/ARUPDATE.java</file>
            <file>file:/C:/Users/ELCOT/Documents/NetBeansProjects/HospitalManagement/src/hospitalmanagement/ARSEARCH.java</file>
            <file>file:/C:/Users/ELCOT/Documents/NetBeansProjects/HospitalManagement/src/hospitalmanagement/ADDELETE.java</file>
            <file>file:/C:/Users/ELCOT/Documents/NetBeansProjects/HospitalManagement/src/hospitalmanagement/ARDISPLAY.java</file>
            <file>file:/C:/Users/ELCOT/Documents/NetBeansProjects/HospitalManagement/src/hospitalmanagement/ADDISPLAY.java</file>
            <file>file:/C:/Users/ELCOT/Documents/NetBeansProjects/HospitalManagement/src/hospitalmanagement/APDELETE.java</file>
        </group>
    </open-files>
</project-private>
